{
  "title": "Contato",
  "meta_title": "Contato - Max Parts: Tire Suas Dúvidas e Entre em Contato Conosco",
  "meta_description": "Precisa de suporte ou tem alguma dúvida? Entre em contato com a Max Parts. Nossos dados de contato: marketing@maxparts.com.br, telefone (65) 3692-1100 e WhatsApp (65) 3692-1100.",
  "body": "<!--StartFragment-->\n\nNa Max Parts, valorizamos o contato com nossos clientes e parceiros. Se você tiver alguma dúvida, precisar de suporte técnico, ou simplesmente quiser entrar em contato conosco, estamos aqui para ajudar. Utilize as seguintes opções para entrar em contato conosco:\n\n**E-mail:**\n\n* **Endereço de E-mail:** [marketing@maxparts.com.br](mailto:marketing@maxparts.com.br)\n\nNosso endereço de e-mail é uma forma conveniente de nos contatar a qualquer momento. Ficaremos felizes em responder às suas perguntas, fornecer assistência ou informações adicionais.\n\n**Telefone:**\n\n* **Número de Telefone:** (65) 3692-1100\n\nSe preferir o contato telefônico, nossa equipe de atendimento estará disponível para atender suas chamadas durante o horário comercial. Não hesite em ligar para nós se precisar de assistência imediata.\n\n**WhatsApp:**\n\n* **WhatsApp:** (65) 3692-1100\n\nPara sua comodidade, também estamos disponíveis no WhatsApp. Você pode nos enviar mensagens e ter um atendimento personalizado e rápido para suas perguntas ou solicitações.\n\nIndependentemente de como você escolher entrar em contato conosco, garantimos um atendimento atencioso e profissional para suprir  suas necessidades. Sua satisfação é nossa prioridade na Max Parts.\n\nUtilize os dados de contato acima para falar conosco. Estamos ansiosos para ajudá-lo e fornecer a melhor experiência possível com nossos produtos e serviços.\n\n<!--EndFragment-->\n\nN﻿ossa Localização",
  "sections": [
    {
      "type": "custom-html",
      "html": "<iframe src=\"https://www.google.com/maps/embed?pb=!1m14!1m8!1m3!1d15369.94839478887!2d-56.102583!3d-15.619029!3m2!1i1024!2i768!4f13.1!3m3!1m2!1s0x939db1e32e374137%3A0xae7913dad3ba2d85!2sMax%20Parts%20Componentes%20Automotivos!5e0!3m2!1spt-BR!2sbr!4v1698756202247!5m2!1spt-BR!2sbr\" width=\"600\" height=\"450\" style=\"border:0;\" allowfullscreen=\"\" loading=\"lazy\" referrerpolicy=\"no-referrer-when-downgrade\"></iframe>"
    }
  ]
}