{
  "meta_title": "",
  "meta_description": "M16: Sua Loja Online para Peças e Acessórios de Carros e Motos. Encontre as Melhores Ofertas em Produtos Automotivos. Qualidade e Variedade em um Só Lugar!",
  "sections": [
    {
      "type": "banner-slider",
      "autoplay": 15000,
      "full_width": false,
      "slides": [
        {
          "start": "2023-11-03T13:33:28.437Z",
          "end": "2023-11-30T04:00:00.000Z",
          "img": "/img/uploads/max-parts-black-friday-selo-1.webp",
          "link": "https://www.maxparts.com.br/black-friday"
        },
        {
          "start": "",
          "end": "2023-11-30T13:34:29.557Z",
          "img": "/img/uploads/max-parts-black-friday-selo-2.webp",
          "link": "https://www.maxparts.com.br/palheta-flex-gancho---max-parts"
        },
        {
          "start": "",
          "end": "2023-11-30T04:00:00.000Z",
          "img": "/img/uploads/max-parts-black-friday-selo-3.webp",
          "link": "https://www.maxparts.com.br/aromax-pet"
        },
        {
          "start": "",
          "end": "2023-11-30T04:00:00.000Z",
          "img": "/img/uploads/max-black-friday-selo.webp",
          "link": "https://www.maxparts.com.br/limpa-ar-condicionado-granada---ervas?variation_id=285960169965091936900001"
        }
      ]
    },
    {
      "type": "info-bar",
      "enabled": true
    },
    {
      "autoplay": 15000,
      "page": 1,
      "title": "Mais Vendidos",
      "shuffle": true,
      "headless": true,
      "type": "collection-shelf",
      "limit": 12,
      "collection_id": null,
      "sort": "offers"
    },
    {
      "type": "brands-carousel",
      "limit": 48,
      "offset": 0,
      "sort": "name"
    }
  ]
}